ml10	MLXXXAJ
ml11	MLXXXBA
ml12	MLXXXBB
ml13	MLXXXBC
ml14	MLXXXBD
ml15	MLXXXBE
ml16	MLXXXBF
ml17	MLXXXBG
ml18	MLXXXBH
ml19	MLXXXBI
ml20	MLXXXBJ
ml_20	MLXXXBJ
ml21	MLXXXCA
ml_21	MLXXXCA
ml22	MLXXXCB
ml_22	MLXXXCB
ml23	MLXXXCC
ml_23	MLXXXCC
ml24	MLXXXCD
ml_24	MLXXXCD
ml25	MLXXXCE
ml_25	MLXXXCE
ml26	MLXXXCF
ml_26	MLXXXCF
ml27	MLXXXCG
ml_27	MLXXXCG
ml28	MLXXXCH
ml_28	MLXXXCH
ml29	MLXXXCI
ml_29	MLXXXCI
ml30	MLXXXCJ
ml_30	MLXXXCJ
ml31	MLXXXDA
ml_31	MLXXXDA
ml32	MLXXXDB
ml_32	MLXXXDB
ml33	MLXXXDC
ml_33	MLXXXDC
ml34	MLXXXDD
ml_34	MLXXXDD
ml35	MLXXXDE
ml_35	MLXXXDE
ml36	MLXXXDF
ml_36	MLXXXDF
ml37	MLXXXDG
ml_37	MLXXXDG
ml38	MLXXXDH
ml_38	MLXXXDH
ml39	MLXXXDI
ml_39	MLXXXDI
ml40	MLXXXDJ
ml_40	MLXXXDJ
Maplist Map 35	MLXXXDJ
MLXXX35	MLXXXDJ
35	MLXXXDJ
@1	MLXXXDJ
ml41	MLXXXEA
ml_41	MLXXXEA
Maplist Map 36	MLXXXEA
MLXXX36	MLXXXEA
36	MLXXXEA
@2	MLXXXEA
ml42	MLXXXEB
ml_42	MLXXXEB
Maplist Map 37	MLXXXEB
MLXXX37	MLXXXEB
37	MLXXXEB
@3	MLXXXEB
ml43	MLXXXEC
ml_43	MLXXXEC
Maplist Map 38	MLXXXEC
MLXXX38	MLXXXEC
38	MLXXXEC
@4	MLXXXEC
ml44	MLXXXED
ml_44	MLXXXED
Maplist Map 39	MLXXXED
MLXXX39	MLXXXED
39	MLXXXED
@5	MLXXXED
ml45	MLXXXEE
ml_45	MLXXXEE
Maplist Map 40	MLXXXEE
MLXXX40	MLXXXEE
40	MLXXXEE
@6	MLXXXEE
deleted_maplist_map_0	MLXXXEE
ml46	MLXXXEF
ml_46	MLXXXEF
Maplist Map 41	MLXXXEF
MLXXX41	MLXXXEF
41	MLXXXEF
@7	MLXXXEF
deleted_maplist_map_1	MLXXXEF
ml47	MLXXXEG
ml_47	MLXXXEG
Maplist Map 42	MLXXXEG
MLXXX42	MLXXXEG
42	MLXXXEG
@8	MLXXXEG
deleted_maplist_map_2	MLXXXEG
ml48	MLXXXEH
ml_48	MLXXXEH
Maplist Map 43	MLXXXEH
MLXXX43	MLXXXEH
43	MLXXXEH
@9	MLXXXEH
deleted_maplist_map_3	MLXXXEH
ml49	MLXXXEI
ml_49	MLXXXEI
Maplist Map 44	MLXXXEI
MLXXX44	MLXXXEI
44	MLXXXEI
@10	MLXXXEI
deleted_maplist_map_4	MLXXXEI
ml50	MLXXXEJ
ml_50	MLXXXEJ
Maplist Map 45	MLXXXEJ
MLXXX45	MLXXXEJ
45	MLXXXEJ
@11	MLXXXEJ
deleted_maplist_map_5	MLXXXEJ
ml51	MLXXXFA
ml_51	MLXXXFA
Maplist Map 46	MLXXXFA
MLXXX46	MLXXXFA
46	MLXXXFA
@12	MLXXXFA
ml52	MLXXXFB
ml_52	MLXXXFB
Maplist Map 47	MLXXXFB
MLXXX47	MLXXXFB
47	MLXXXFB
@13	MLXXXFB
ml53	MLXXXFC
ml_53	MLXXXFC
Maplist Map 48	MLXXXFC
MLXXX48	MLXXXFC
48	MLXXXFC
@14	MLXXXFC
ml54	MLXXXFD
ml_54	MLXXXFD
Maplist Map 49	MLXXXFD
MLXXX49	MLXXXFD
49	MLXXXFD
@15	MLXXXFD
ml55	MLXXXFE
ml_55	MLXXXFE
Maplist Map 50	MLXXXFE
MLXXX50	MLXXXFE
50	MLXXXFE
@16	MLXXXFE
ml56	MLXXXFF
ml_56	MLXXXFF
Maplist Map 51	MLXXXFF
MLXXX51	MLXXXFF
51	MLXXXFF
@17	MLXXXFF
ml57	MLXXXFG
ml_57	MLXXXFG
Maplist Map 52	MLXXXFG
MLXXX52	MLXXXFG
52	MLXXXFG
@18	MLXXXFG
ml58	MLXXXFH
ml_58	MLXXXFH
Maplist Map 53	MLXXXFH
MLXXX53	MLXXXFH
53	MLXXXFH
@19	MLXXXFH
ml59	MLXXXFI
ml_59	MLXXXFI
Maplist Map 54	MLXXXFI
MLXXX54	MLXXXFI
54	MLXXXFI
@20	MLXXXFI
ml60	MLXXXFJ
ml_60	MLXXXFJ
Maplist Map 55	MLXXXFJ
MLXXX55	MLXXXFJ
55	MLXXXFJ
@21	MLXXXFJ
deleted_map_alias1	DELXXAB
other_deleted_map_alias1	DELXXAB
deleted_map_alias2	DELXXAC
other_deleted_map_alias2	DELXXAC
deleted_map_alias3	DELXXAD
other_deleted_map_alias3	DELXXAD
deleted_map_alias4	DELXXAE
other_deleted_map_alias4	DELXXAE
deleted_map_alias5	DELXXAF
other_deleted_map_alias5	DELXXAF
deleted_map_alias6	DELXXAG
other_deleted_map_alias6	DELXXAG
deleted_map_alias7	DELXXAH
other_deleted_map_alias7	DELXXAH
deleted_map_alias8	DELXXAI
other_deleted_map_alias8	DELXXAI
deleted_map_alias9	DELXXAJ
other_deleted_map_alias9	DELXXAJ
deleted_map_alias10	DELXXBA
other_deleted_map_alias10	DELXXBA