MLA1X25	Additional Code 1	25
MLA1X26	Additional Code 1	26
MLA1X27	Additional Code 1	27
MLA1X28	Additional Code 1	28
MLA1X29	Additional Code 1	29
MLA1X30	Additional Code 1	30
MLA1X31	Additional Code 1	31
MLA1X32	Additional Code 1	32
MLA1X33	Additional Code 1	33
MLA1X34	Additional Code 1	34
MLA1X35	Additional Code 1	35
MLA1X36	Additional Code 1	36
MLA1X37	Additional Code 1	37
MLA1X38	Additional Code 1	38
MLA1X39	Additional Code 1	39
MLA1X40	Additional Code 1	40
MLA1X41	Additional Code 1	41
MLA1X42	Additional Code 1	42
MLA1X43	Additional Code 1	43
MLA1X44	Additional Code 1	44
MLA1X45	Additional Code 1	45
MLA2X45	Additional Code 2	45
MLA1X46	Additional Code 1	46
MLA2X46	Additional Code 2	46
MLA1X47	Additional Code 1	47
MLA2X47	Additional Code 2	47
MLA1X48	Additional Code 1	48
MLA2X48	Additional Code 2	48
MLA1X49	Additional Code 1	49
MLA2X49	Additional Code 2	49
MLA1X50	Additional Code 1	50
MLA2X50	Additional Code 2	50
MLA1X51	Additional Code 1	51
MLA2X51	Additional Code 2	51
MLA1X52	Additional Code 1	52
MLA2X52	Additional Code 2	52
MLA1X53	Additional Code 1	53
MLA2X53	Additional Code 2	53
MLA1X54	Additional Code 1	54
MLA2X54	Additional Code 2	54
MLA1X55	Additional Code 1	55
MLA2X55	Additional Code 2	55
MLA1X56	Additional Code 1	56
MLA2X56	Additional Code 2	56
MLA1X57	Additional Code 1	57
MLA2X57	Additional Code 2	57
MLA1X58	Additional Code 1	58
MLA2X58	Additional Code 2	58
MLA1X59	Additional Code 1	59
MLA2X59	Additional Code 2	59
MLA1X60	Additional Code 1	60
MLA2X60	Additional Code 2	60