1	16148	https://whatever.com/its/getting/deprecated/anyway.png
2	10369	https://whatever.com/its/getting/deprecated/anyway.png
3	12104	https://whatever.com/its/getting/deprecated/anyway.png
4	13299	https://whatever.com/its/getting/deprecated/anyway.png
5	19383	https://whatever.com/its/getting/deprecated/anyway.png
6	14835	https://whatever.com/its/getting/deprecated/anyway.png
7	10177	https://whatever.com/its/getting/deprecated/anyway.png
8	16911	https://whatever.com/its/getting/deprecated/anyway.png
9	12366	https://whatever.com/its/getting/deprecated/anyway.png
10	15572	https://whatever.com/its/getting/deprecated/anyway.png
11	14405	https://whatever.com/its/getting/deprecated/anyway.png
12	18461	https://whatever.com/its/getting/deprecated/anyway.png
13	16848	https://whatever.com/its/getting/deprecated/anyway.png
14	11601	https://whatever.com/its/getting/deprecated/anyway.png
15	14286	https://whatever.com/its/getting/deprecated/anyway.png
16	12792	https://whatever.com/its/getting/deprecated/anyway.png
17	12806	https://whatever.com/its/getting/deprecated/anyway.png
18	19412	https://whatever.com/its/getting/deprecated/anyway.png
19	17953	https://whatever.com/its/getting/deprecated/anyway.png
20	14062	https://whatever.com/its/getting/deprecated/anyway.png
21	13628	https://whatever.com/its/getting/deprecated/anyway.png
22	10468	https://whatever.com/its/getting/deprecated/anyway.png
23	19143	https://whatever.com/its/getting/deprecated/anyway.png
24	17403	https://whatever.com/its/getting/deprecated/anyway.png
25	12110	https://whatever.com/its/getting/deprecated/anyway.png
26	11665	https://whatever.com/its/getting/deprecated/anyway.png
27	16245	https://whatever.com/its/getting/deprecated/anyway.png
28	13664	https://whatever.com/its/getting/deprecated/anyway.png
29	17575	https://whatever.com/its/getting/deprecated/anyway.png
30	14222	https://whatever.com/its/getting/deprecated/anyway.png
31	15943	https://whatever.com/its/getting/deprecated/anyway.png
32	10571	https://whatever.com/its/getting/deprecated/anyway.png
33	15600	https://whatever.com/its/getting/deprecated/anyway.png
34	18061	https://whatever.com/its/getting/deprecated/anyway.png
35	11455	https://whatever.com/its/getting/deprecated/anyway.png
36	18701	https://whatever.com/its/getting/deprecated/anyway.png
37	17025	https://whatever.com/its/getting/deprecated/anyway.png
38	15699	https://whatever.com/its/getting/deprecated/anyway.png
39	13819	https://whatever.com/its/getting/deprecated/anyway.png
40	18008	https://whatever.com/its/getting/deprecated/anyway.png
41	18913	https://whatever.com/its/getting/deprecated/anyway.png
42	19182	https://whatever.com/its/getting/deprecated/anyway.png
43	17919	https://whatever.com/its/getting/deprecated/anyway.png
44	10096	https://whatever.com/its/getting/deprecated/anyway.png
45	17203	https://whatever.com/its/getting/deprecated/anyway.png
46	10546	https://whatever.com/its/getting/deprecated/anyway.png
47	11077	https://whatever.com/its/getting/deprecated/anyway.png
48	16116	https://whatever.com/its/getting/deprecated/anyway.png
49	14297	https://whatever.com/its/getting/deprecated/anyway.png
50	18455	https://whatever.com/its/getting/deprecated/anyway.png
51	11440	https://whatever.com/its/getting/deprecated/anyway.png
52	17403	https://whatever.com/its/getting/deprecated/anyway.png
53	15307	https://whatever.com/its/getting/deprecated/anyway.png
54	17205	https://whatever.com/its/getting/deprecated/anyway.png
55	10829	https://whatever.com/its/getting/deprecated/anyway.png
56	18490	https://whatever.com/its/getting/deprecated/anyway.png
57	18730	https://whatever.com/its/getting/deprecated/anyway.png
58	18034	https://whatever.com/its/getting/deprecated/anyway.png
59	14079	https://whatever.com/its/getting/deprecated/anyway.png
60	11450	https://whatever.com/its/getting/deprecated/anyway.png
61	18385	https://whatever.com/its/getting/deprecated/anyway.png
62	14901	https://whatever.com/its/getting/deprecated/anyway.png
63	15954	https://whatever.com/its/getting/deprecated/anyway.png
64	12031	https://whatever.com/its/getting/deprecated/anyway.png
65	15567	https://whatever.com/its/getting/deprecated/anyway.png
66	12386	https://whatever.com/its/getting/deprecated/anyway.png
67	12044	https://whatever.com/its/getting/deprecated/anyway.png
68	13565	https://whatever.com/its/getting/deprecated/anyway.png
69	13466	https://whatever.com/its/getting/deprecated/anyway.png
70	18118	https://whatever.com/its/getting/deprecated/anyway.png
71	18854	https://whatever.com/its/getting/deprecated/anyway.png
72	10172	https://whatever.com/its/getting/deprecated/anyway.png
73	12890	https://whatever.com/its/getting/deprecated/anyway.png
74	18872	https://whatever.com/its/getting/deprecated/anyway.png
75	17414	https://whatever.com/its/getting/deprecated/anyway.png
76	18358	https://whatever.com/its/getting/deprecated/anyway.png
77	16935	https://whatever.com/its/getting/deprecated/anyway.png
78	14868	https://whatever.com/its/getting/deprecated/anyway.png
79	18328	https://whatever.com/its/getting/deprecated/anyway.png
80	12394	https://whatever.com/its/getting/deprecated/anyway.png
81	13934	https://whatever.com/its/getting/deprecated/anyway.png
82	18614	https://whatever.com/its/getting/deprecated/anyway.png
83	14785	https://whatever.com/its/getting/deprecated/anyway.png
84	19222	https://whatever.com/its/getting/deprecated/anyway.png
85	18723	https://whatever.com/its/getting/deprecated/anyway.png
86	14752	https://whatever.com/its/getting/deprecated/anyway.png
87	18939	https://whatever.com/its/getting/deprecated/anyway.png
88	17113	https://whatever.com/its/getting/deprecated/anyway.png
89	16372	https://whatever.com/its/getting/deprecated/anyway.png
90	14274	https://whatever.com/its/getting/deprecated/anyway.png
91	16017	https://whatever.com/its/getting/deprecated/anyway.png
118	999999	https://whatever.com/its/getting/deprecated/anyway.png
119	999999	https://whatever.com/its/getting/deprecated/anyway.png
92	16148	https://whatever.com/its/getting/deprecated/anyway.png
93	12366	https://whatever.com/its/getting/deprecated/anyway.png
94	19412	https://whatever.com/its/getting/deprecated/anyway.png
95	14062	https://whatever.com/its/getting/deprecated/anyway.png
96	11665	https://whatever.com/its/getting/deprecated/anyway.png
97	10096	https://whatever.com/its/getting/deprecated/anyway.png
98	18490	https://whatever.com/its/getting/deprecated/anyway.png
99	15567	https://whatever.com/its/getting/deprecated/anyway.png
100	12044	https://whatever.com/its/getting/deprecated/anyway.png
101	16935	https://whatever.com/its/getting/deprecated/anyway.png
102	18328	https://whatever.com/its/getting/deprecated/anyway.png
103	19222	https://whatever.com/its/getting/deprecated/anyway.png
104	17780	https://whatever.com/its/getting/deprecated/anyway.png
105	17350	https://whatever.com/its/getting/deprecated/anyway.png
106	13223	https://whatever.com/its/getting/deprecated/anyway.png
107	13529	https://whatever.com/its/getting/deprecated/anyway.png
108	12851	https://whatever.com/its/getting/deprecated/anyway.png
109	18382	https://whatever.com/its/getting/deprecated/anyway.png
110	11317	https://whatever.com/its/getting/deprecated/anyway.png
111	12072	https://whatever.com/its/getting/deprecated/anyway.png
112	16193	https://whatever.com/its/getting/deprecated/anyway.png
113	18457	https://whatever.com/its/getting/deprecated/anyway.png
114	10706	https://whatever.com/its/getting/deprecated/anyway.png
115	17598	https://whatever.com/its/getting/deprecated/anyway.png
116	13502	https://whatever.com/its/getting/deprecated/anyway.png
117	17228	https://whatever.com/its/getting/deprecated/anyway.png
120	120000	https://whatever.com/its/getting/deprecated/anyway.png
121	121000	https://whatever.com/its/getting/deprecated/anyway.png
122	122000	https://whatever.com/its/getting/deprecated/anyway.png
123	123000	https://whatever.com/its/getting/deprecated/anyway.png
124	124000	https://whatever.com/its/getting/deprecated/anyway.png
125	125000	https://whatever.com/its/getting/deprecated/anyway.png
126	126000	https://whatever.com/its/getting/deprecated/anyway.png
127	127000	https://whatever.com/its/getting/deprecated/anyway.png
128	128000	https://whatever.com/its/getting/deprecated/anyway.png
129	129000	https://whatever.com/its/getting/deprecated/anyway.png
130	130000	https://whatever.com/its/getting/deprecated/anyway.png
131	131000	https://whatever.com/its/getting/deprecated/anyway.png